{
  "format": "mubujson1",
  "numBuffers": 1,
  "numTracks": 1,
  "tracks": [
    {
      "name": "XYZ.data",
      "mxCols": 3,
      "mxRows": 1,
      "hasVarRows": false,
      "mxColNames": [
        "X",
        "Y",
        "Z"
      ],
      "hasTimeTags": false,
      "nonNumType": "none",
      "maxSize": 960000,
      "buffers": [
        {
          "maxSize": 960000,
          "size": 149,
          "sampleRate": 48000.0,
          "sampleOffset": 0.0,
          "mxRows": 1,
          "mxCols": 3,
          "mxData": [
            0.7424005270004272,
            0.4327181279659271,
            -0.1385667026042938,
            0.7387750744819641,
            0.4444667994976044,
            -0.149930477142334,
            0.731115996837616,
            0.4552947282791138,
            -0.1585901230573654,
            0.7210767865180969,
            0.4620625674724579,
            -0.1602668762207031,
            0.7087660431861877,
            0.4689831137657166,
            -0.1540664434432983,
            0.6963332295417786,
            0.4760087430477142,
            -0.1435000747442245,
            0.6860249042510986,
            0.477634996175766,
            -0.1366430819034576,
            0.6766723990440369,
            0.4772363305091858,
            -0.1390489637851715,
            0.6670453548431396,
            0.4814061224460602,
            -0.1498827785253525,
            0.6608853340148926,
            0.4843010604381561,
            -0.1662420630455017,
            0.6672206521034241,
            0.471056193113327,
            -0.1832551211118698,
            0.6834671497344971,
            0.4421404600143433,
            -0.1974865794181824,
            0.6914519071578979,
            0.4109231531620026,
            -0.2030247896909714,
            0.6872025728225708,
            0.3854554295539856,
            -0.1962353885173798,
            0.6774224638938904,
            0.3692874908447266,
            -0.1894101649522781,
            0.6656517386436462,
            0.3585051000118256,
            -0.1907665729522705,
            0.6555132269859314,
            0.3445969820022583,
            -0.2003661841154099,
            0.6503452658653259,
            0.3293257653713226,
            -0.2117588520050049,
            0.6483864188194275,
            0.3201266229152679,
            -0.2196177691221237,
            0.6466554403305054,
            0.3177500367164612,
            -0.2244988530874252,
            0.6436591148376465,
            0.3200062811374664,
            -0.2275151908397675,
            0.6397081613540649,
            0.3241928517818451,
            -0.2283336520195007,
            0.6362857222557068,
            0.3268415927886963,
            -0.226082056760788,
            0.6354811191558838,
            0.3246505260467529,
            -0.2207507640123367,
            0.6392486691474915,
            0.3170819580554962,
            -0.2141805440187454,
            0.647601306438446,
            0.3073020577430725,
            -0.2100633233785629,
            0.6583137512207031,
            0.2986809909343719,
            -0.2121254354715347,
            0.6673005819320679,
            0.2944306135177612,
            -0.2199920415878296,
            0.6703908443450928,
            0.2985371053218842,
            -0.2279391437768936,
            0.6662171483039856,
            0.3092697858810425,
            -0.2326423525810242,
            0.6568560600280762,
            0.3233918249607086,
            -0.2368724048137665,
            0.6485834121704102,
            0.3411359190940857,
            -0.2421751171350479,
            0.6480466723442078,
            0.36064213514328,
            -0.2447338849306107,
            0.6559285521507263,
            0.377611517906189,
            -0.2443639189004898,
            0.6699382662773132,
            0.3921833336353302,
            -0.2462497800588608,
            0.6860289573669434,
            0.4071857333183289,
            -0.2496177554130554,
            0.7001749277114868,
            0.419524073600769,
            -0.244393602013588,
            0.7087780237197876,
            0.4167904555797577,
            -0.2266165018081665,
            0.7050141096115112,
            0.3934329748153687,
            -0.2044002413749695,
            0.6975446343421936,
            0.375162273645401,
            -0.1851377785205841,
            0.6962453722953796,
            0.3770880103111267,
            -0.1718263179063797,
            0.7033146619796753,
            0.390578955411911,
            -0.1638307124376297,
            0.7141478061676025,
            0.4082819521427155,
            -0.1550557017326355,
            0.7224968671798706,
            0.4254900813102722,
            -0.1440585553646088,
            0.7276676297187805,
            0.4357044994831085,
            -0.1361701488494873,
            0.7309477925300598,
            0.43964484333992,
            -0.1332976073026657,
            0.7323653101921082,
            0.4420894682407379,
            -0.134144589304924,
            0.7311207056045532,
            0.4461453258991241,
            -0.1369255632162094,
            0.726858913898468,
            0.4520548284053802,
            -0.139347717165947,
            0.7207706570625305,
            0.4578936398029327,
            -0.1389118880033493,
            0.7158873677253723,
            0.4606408774852753,
            -0.1345166712999344,
            0.7159855961799622,
            0.4569442570209503,
            -0.1278146207332611,
            0.7221825122833252,
            0.445755809545517,
            -0.1213811784982681,
            0.7301162481307983,
            0.4296298921108246,
            -0.117213673889637,
            0.7351826429367065,
            0.4141684174537659,
            -0.1183187440037727,
            0.7387901544570923,
            0.4062678813934326,
            -0.1247798353433609,
            0.7435937523841858,
            0.4094915091991425,
            -0.1339139193296432,
            0.7471864819526672,
            0.4222315549850464,
            -0.1454100608825684,
            0.7472450137138367,
            0.4369337856769562,
            -0.1589349657297134,
            0.7479656934738159,
            0.4421064853668213,
            -0.1715093106031418,
            0.7513855695724487,
            0.4337342083454132,
            -0.1819542199373245,
            0.7500976324081421,
            0.4145758152008057,
            -0.1922747790813446,
            0.7368128299713135,
            0.3898565769195557,
            -0.2020799219608307,
            0.7164928317070007,
            0.3667132258415222,
            -0.2047163546085358,
            0.6974186897277832,
            0.3493180274963379,
            -0.191837266087532,
            0.683098316192627,
            0.3493272662162781,
            -0.1757917404174805,
            0.6746377348899841,
            0.3612612187862396,
            -0.1729110330343246,
            0.6672961115837097,
            0.3671984374523163,
            -0.1805956810712814,
            0.6573349833488464,
            0.3600491881370544,
            -0.192285880446434,
            0.6486512422561646,
            0.3438974320888519,
            -0.2049373388290405,
            0.6445877552032471,
            0.329223096370697,
            -0.2138607800006866,
            0.6444407105445862,
            0.3199281692504883,
            -0.2176498770713806,
            0.6466488838195801,
            0.3140407204627991,
            -0.2193589806556702,
            0.649259626865387,
            0.3108254671096802,
            -0.2217131853103638,
            0.6499133110046387,
            0.3113015294075012,
            -0.225511759519577,
            0.646967351436615,
            0.3164610862731934,
            -0.2297966331243515,
            0.641156792640686,
            0.3253453969955444,
            -0.2326629161834717,
